<?xml version="1.0" encoding="UTF-8"?>
<hibernate-configuration>
    <session-factory>

        <!-- Conexión a H2 (memoria) -->
        <property name="hibernate.connection.driver_class">org.h2.Driver</property>
        <property name="hibernate.connection.url">jdbc:h2:mem:tiendabotas;DB_CLOSE_DELAY=-1</property>
        <property name="hibernate.connection.username">sa</property>
        <property name="hibernate.connection.password"></property>

        <!-- Dialecto -->
        <property name="hibernate.dialect">org.hibernate.dialect.H2Dialect</property>

        <!-- Mostrar SQL -->
        <property name="hibernate.show_sql">true</property>
        <property name="hibernate.format_sql">true</property>

        <!-- Crear o actualizar automáticamente las tablas -->
        <property name="hibernate.hbm2ddl.auto">update</property>

        <!-- Mapear entidades (opcional si usas addAnnotatedClass en Java) -->
        <mapping class="org.example.Models.Marcas"/>

        <mapping class="org.example.Models.Botas"/>

    </session-factory>
</hibernate-configuration>
